id,login,name,location,bio,company,blog,email,followers,following,public_repos,created_at,updated_at,created_year
10000,dev_peru_000,Developer 0,"Lima, Peru",Software developer from Peru.,Company 0,https://dev0.io,,51,379,36,2014-09-30T00:00:00Z,2024-07-03T00:00:00Z,2014
10001,dev_peru_001,Developer 1,"Arequipa, Peru",Software developer from Peru.,Company 1,https://dev1.io,,1508,52,70,2012-12-22T00:00:00Z,2028-08-15T00:00:00Z,2012
10002,dev_peru_002,Developer 2,"Trujillo, Peru",Software developer from Peru.,Company 2,https://dev2.io,,65,15,12,2014-06-14T00:00:00Z,2024-08-10T00:00:00Z,2014
10003,dev_peru_003,Developer 3,"Lima, Peru",Software developer from Peru.,Company 3,https://dev3.io,,1149,101,70,2016-09-14T00:00:00Z,2024-06-21T00:00:00Z,2016
10004,dev_peru_004,Developer 4,"Trujillo, Peru",Software developer from Peru.,Company 4,https://dev4.io,,1206,142,1,2020-07-05T00:00:00Z,2031-01-14T00:00:00Z,2020
10005,dev_peru_005,Developer 5,"Arequipa, Peru",Software developer from Peru.,Company 5,https://dev5.io,,1429,216,44,2015-02-12T00:00:00Z,2023-09-29T00:00:00Z,2015
10006,dev_peru_006,Developer 6,"Arequipa, Peru",Software developer from Peru.,Company 6,https://dev6.io,,1960,390,44,2013-02-22T00:00:00Z,2023-01-15T00:00:00Z,2013
10007,dev_peru_007,Developer 7,"Trujillo, Peru",Software developer from Peru.,Company 7,https://dev7.io,,198,183,45,2018-10-08T00:00:00Z,2024-12-19T00:00:00Z,2018
10008,dev_peru_008,Developer 8,"Lima, Peru",Software developer from Peru.,Company 8,https://dev8.io,,1494,235,69,2013-05-26T00:00:00Z,2032-11-29T00:00:00Z,2013
10009,dev_peru_009,Developer 9,"Trujillo, Peru",Software developer from Peru.,Company 9,https://dev9.io,,161,282,38,2021-04-20T00:00:00Z,2029-01-18T00:00:00Z,2021
10010,dev_peru_010,Developer 10,"Cusco, Peru",Software developer from Peru.,Company 10,https://dev10.io,,1182,98,9,2012-07-06T00:00:00Z,2029-06-01T00:00:00Z,2012
10011,dev_peru_011,Developer 11,"Arequipa, Peru",Software developer from Peru.,Company 11,https://dev11.io,,1583,148,11,2021-08-04T00:00:00Z,2024-08-11T00:00:00Z,2021
10012,dev_peru_012,Developer 12,"Lima, Peru",Software developer from Peru.,Company 12,https://dev12.io,,778,142,59,2019-02-16T00:00:00Z,2031-05-10T00:00:00Z,2019
10013,dev_peru_013,Developer 13,"Cusco, Peru",Software developer from Peru.,Company 13,https://dev13.io,,333,189,46,2014-05-08T00:00:00Z,2029-07-08T00:00:00Z,2014
10014,dev_peru_014,Developer 14,"Cusco, Peru",Software developer from Peru.,Company 14,https://dev14.io,,1437,479,10,2018-10-31T00:00:00Z,2029-02-13T00:00:00Z,2018
10015,dev_peru_015,Developer 15,"Arequipa, Peru",Software developer from Peru.,Company 15,https://dev15.io,,1093,373,32,2013-10-31T00:00:00Z,2027-03-09T00:00:00Z,2013
10016,dev_peru_016,Developer 16,"Trujillo, Peru",Software developer from Peru.,Company 16,https://dev16.io,,552,473,72,2014-06-18T00:00:00Z,2029-09-05T00:00:00Z,2014
10017,dev_peru_017,Developer 17,"Cusco, Peru",Software developer from Peru.,Company 17,https://dev17.io,,1726,393,8,2014-07-27T00:00:00Z,2031-03-21T00:00:00Z,2014
10018,dev_peru_018,Developer 18,"Lima, Peru",Software developer from Peru.,Company 18,https://dev18.io,,1648,161,52,2015-01-01T00:00:00Z,2022-09-29T00:00:00Z,2015
10019,dev_peru_019,Developer 19,"Arequipa, Peru",Software developer from Peru.,Company 19,https://dev19.io,,1870,482,73,2021-10-29T00:00:00Z,2030-01-19T00:00:00Z,2021
10020,dev_peru_020,Developer 20,"Cusco, Peru",Software developer from Peru.,Company 0,https://dev20.io,,435,335,64,2016-06-08T00:00:00Z,2031-12-03T00:00:00Z,2016
10021,dev_peru_021,Developer 21,"Trujillo, Peru",Software developer from Peru.,Company 1,https://dev21.io,,292,135,18,2014-10-07T00:00:00Z,2030-05-10T00:00:00Z,2014
10022,dev_peru_022,Developer 22,"Cusco, Peru",Software developer from Peru.,Company 2,https://dev22.io,,1529,299,55,2022-01-25T00:00:00Z,2028-07-18T00:00:00Z,2022
10023,dev_peru_023,Developer 23,"Trujillo, Peru",Software developer from Peru.,Company 3,https://dev23.io,,741,112,18,2017-09-18T00:00:00Z,2027-07-15T00:00:00Z,2017
10024,dev_peru_024,Developer 24,"Lima, Peru",Software developer from Peru.,Company 4,https://dev24.io,,1547,24,15,2013-09-18T00:00:00Z,2029-01-14T00:00:00Z,2013
10025,dev_peru_025,Developer 25,"Arequipa, Peru",Software developer from Peru.,Company 5,https://dev25.io,,1622,348,55,2018-09-08T00:00:00Z,2022-09-18T00:00:00Z,2018
10026,dev_peru_026,Developer 26,"Trujillo, Peru",Software developer from Peru.,Company 6,https://dev26.io,,781,305,60,2017-12-07T00:00:00Z,2024-10-26T00:00:00Z,2017
10027,dev_peru_027,Developer 27,"Lima, Peru",Software developer from Peru.,Company 7,https://dev27.io,,1393,369,15,2019-08-24T00:00:00Z,2031-12-04T00:00:00Z,2019
10028,dev_peru_028,Developer 28,"Cusco, Peru",Software developer from Peru.,Company 8,https://dev28.io,,1574,328,44,2013-04-01T00:00:00Z,2025-04-17T00:00:00Z,2013
10029,dev_peru_029,Developer 29,"Trujillo, Peru",Software developer from Peru.,Company 9,https://dev29.io,,323,232,1,2022-09-11T00:00:00Z,2030-02-05T00:00:00Z,2022
10030,dev_peru_030,Developer 30,"Cusco, Peru",Software developer from Peru.,Company 10,https://dev30.io,,1990,256,23,2017-09-10T00:00:00Z,2032-03-27T00:00:00Z,2017
10031,dev_peru_031,Developer 31,"Lima, Peru",Software developer from Peru.,Company 11,https://dev31.io,,1782,320,39,2021-06-09T00:00:00Z,2029-03-02T00:00:00Z,2021
10032,dev_peru_032,Developer 32,"Arequipa, Peru",Software developer from Peru.,Company 12,https://dev32.io,,313,191,21,2018-01-18T00:00:00Z,2032-09-10T00:00:00Z,2018
10033,dev_peru_033,Developer 33,"Lima, Peru",Software developer from Peru.,Company 13,https://dev33.io,,1226,165,63,2012-03-20T00:00:00Z,2023-04-04T00:00:00Z,2012
10034,dev_peru_034,Developer 34,"Cusco, Peru",Software developer from Peru.,Company 14,https://dev34.io,,1799,425,40,2014-09-07T00:00:00Z,2022-08-26T00:00:00Z,2014
10035,dev_peru_035,Developer 35,"Arequipa, Peru",Software developer from Peru.,Company 15,https://dev35.io,,1798,290,11,2012-12-16T00:00:00Z,2030-03-17T00:00:00Z,2012
10036,dev_peru_036,Developer 36,"Trujillo, Peru",Software developer from Peru.,Company 16,https://dev36.io,,1671,35,69,2020-08-02T00:00:00Z,2023-05-31T00:00:00Z,2020
10037,dev_peru_037,Developer 37,"Arequipa, Peru",Software developer from Peru.,Company 17,https://dev37.io,,1351,243,71,2013-11-07T00:00:00Z,2024-12-21T00:00:00Z,2013
10038,dev_peru_038,Developer 38,"Trujillo, Peru",Software developer from Peru.,Company 18,https://dev38.io,,1975,108,70,2020-06-20T00:00:00Z,2030-03-09T00:00:00Z,2020
10039,dev_peru_039,Developer 39,"Arequipa, Peru",Software developer from Peru.,Company 19,https://dev39.io,,1460,159,52,2019-07-14T00:00:00Z,2029-04-15T00:00:00Z,2019
10040,dev_peru_040,Developer 40,"Cusco, Peru",Software developer from Peru.,Company 0,https://dev40.io,,897,460,67,2017-01-23T00:00:00Z,2023-05-11T00:00:00Z,2017
10041,dev_peru_041,Developer 41,"Arequipa, Peru",Software developer from Peru.,Company 1,https://dev41.io,,460,32,44,2012-03-27T00:00:00Z,2028-08-06T00:00:00Z,2012
10042,dev_peru_042,Developer 42,"Arequipa, Peru",Software developer from Peru.,Company 2,https://dev42.io,,1205,112,1,2012-10-17T00:00:00Z,2029-12-09T00:00:00Z,2012
10043,dev_peru_043,Developer 43,"Lima, Peru",Software developer from Peru.,Company 3,https://dev43.io,,468,34,5,2021-08-22T00:00:00Z,2025-09-15T00:00:00Z,2021
10044,dev_peru_044,Developer 44,"Lima, Peru",Software developer from Peru.,Company 4,https://dev44.io,,1052,121,36,2019-07-03T00:00:00Z,2027-06-12T00:00:00Z,2019
10045,dev_peru_045,Developer 45,"Arequipa, Peru",Software developer from Peru.,Company 5,https://dev45.io,,1104,67,74,2018-06-18T00:00:00Z,2027-04-21T00:00:00Z,2018
10046,dev_peru_046,Developer 46,"Arequipa, Peru",Software developer from Peru.,Company 6,https://dev46.io,,1606,242,53,2014-02-18T00:00:00Z,2023-01-22T00:00:00Z,2014
10047,dev_peru_047,Developer 47,"Lima, Peru",Software developer from Peru.,Company 7,https://dev47.io,,1349,220,46,2016-09-30T00:00:00Z,2026-08-11T00:00:00Z,2016
10048,dev_peru_048,Developer 48,"Trujillo, Peru",Software developer from Peru.,Company 8,https://dev48.io,,1769,373,7,2019-07-21T00:00:00Z,2029-04-30T00:00:00Z,2019
10049,dev_peru_049,Developer 49,"Lima, Peru",Software developer from Peru.,Company 9,https://dev49.io,,124,206,44,2020-12-23T00:00:00Z,2031-08-31T00:00:00Z,2020
10050,dev_peru_050,Developer 50,"Lima, Peru",Software developer from Peru.,Company 10,https://dev50.io,,509,98,25,2018-01-05T00:00:00Z,2027-01-12T00:00:00Z,2018
10051,dev_peru_051,Developer 51,"Arequipa, Peru",Software developer from Peru.,Company 11,https://dev51.io,,864,93,36,2017-03-09T00:00:00Z,2024-10-20T00:00:00Z,2017
10052,dev_peru_052,Developer 52,"Lima, Peru",Software developer from Peru.,Company 12,https://dev52.io,,907,413,71,2013-02-05T00:00:00Z,2022-07-27T00:00:00Z,2013
10053,dev_peru_053,Developer 53,"Lima, Peru",Software developer from Peru.,Company 13,https://dev53.io,,1984,47,31,2013-11-12T00:00:00Z,2026-07-23T00:00:00Z,2013
10054,dev_peru_054,Developer 54,"Trujillo, Peru",Software developer from Peru.,Company 14,https://dev54.io,,985,109,52,2022-02-13T00:00:00Z,2022-08-29T00:00:00Z,2022
10055,dev_peru_055,Developer 55,"Arequipa, Peru",Software developer from Peru.,Company 15,https://dev55.io,,776,1,50,2014-12-22T00:00:00Z,2032-05-23T00:00:00Z,2014
10056,dev_peru_056,Developer 56,"Trujillo, Peru",Software developer from Peru.,Company 16,https://dev56.io,,584,216,72,2019-06-04T00:00:00Z,2030-01-21T00:00:00Z,2019
10057,dev_peru_057,Developer 57,"Trujillo, Peru",Software developer from Peru.,Company 17,https://dev57.io,,317,97,38,2014-06-10T00:00:00Z,2032-11-11T00:00:00Z,2014
10058,dev_peru_058,Developer 58,"Lima, Peru",Software developer from Peru.,Company 18,https://dev58.io,,1186,376,70,2012-09-06T00:00:00Z,2030-05-22T00:00:00Z,2012
10059,dev_peru_059,Developer 59,"Cusco, Peru",Software developer from Peru.,Company 19,https://dev59.io,,117,25,75,2017-05-06T00:00:00Z,2027-08-22T00:00:00Z,2017
10060,dev_peru_060,Developer 60,"Arequipa, Peru",Software developer from Peru.,Company 0,https://dev60.io,,116,491,66,2012-11-24T00:00:00Z,2031-07-20T00:00:00Z,2012
10061,dev_peru_061,Developer 61,"Arequipa, Peru",Software developer from Peru.,Company 1,https://dev61.io,,140,304,9,2019-07-28T00:00:00Z,2031-09-01T00:00:00Z,2019
10062,dev_peru_062,Developer 62,"Arequipa, Peru",Software developer from Peru.,Company 2,https://dev62.io,,826,61,73,2014-10-05T00:00:00Z,2028-06-29T00:00:00Z,2014
10063,dev_peru_063,Developer 63,"Lima, Peru",Software developer from Peru.,Company 3,https://dev63.io,,1268,41,54,2019-05-16T00:00:00Z,2028-07-18T00:00:00Z,2019
10064,dev_peru_064,Developer 64,"Cusco, Peru",Software developer from Peru.,Company 4,https://dev64.io,,1914,133,27,2019-07-06T00:00:00Z,2030-01-12T00:00:00Z,2019
10065,dev_peru_065,Developer 65,"Cusco, Peru",Software developer from Peru.,Company 5,https://dev65.io,,488,135,51,2013-06-20T00:00:00Z,2029-07-14T00:00:00Z,2013
10066,dev_peru_066,Developer 66,"Cusco, Peru",Software developer from Peru.,Company 6,https://dev66.io,,936,161,10,2012-02-08T00:00:00Z,2027-02-21T00:00:00Z,2012
10067,dev_peru_067,Developer 67,"Lima, Peru",Software developer from Peru.,Company 7,https://dev67.io,,150,275,28,2017-09-03T00:00:00Z,2024-12-22T00:00:00Z,2017
10068,dev_peru_068,Developer 68,"Arequipa, Peru",Software developer from Peru.,Company 8,https://dev68.io,,1911,178,9,2021-11-10T00:00:00Z,2024-09-27T00:00:00Z,2021
10069,dev_peru_069,Developer 69,"Cusco, Peru",Software developer from Peru.,Company 9,https://dev69.io,,583,80,57,2021-05-08T00:00:00Z,2028-02-04T00:00:00Z,2021
10070,dev_peru_070,Developer 70,"Cusco, Peru",Software developer from Peru.,Company 10,https://dev70.io,,1252,413,68,2012-02-02T00:00:00Z,2029-06-28T00:00:00Z,2012
10071,dev_peru_071,Developer 71,"Cusco, Peru",Software developer from Peru.,Company 11,https://dev71.io,,1908,339,14,2022-07-12T00:00:00Z,2031-11-06T00:00:00Z,2022
10072,dev_peru_072,Developer 72,"Arequipa, Peru",Software developer from Peru.,Company 12,https://dev72.io,,541,59,14,2020-04-28T00:00:00Z,2028-03-16T00:00:00Z,2020
10073,dev_peru_073,Developer 73,"Arequipa, Peru",Software developer from Peru.,Company 13,https://dev73.io,,557,144,78,2014-05-12T00:00:00Z,2030-01-18T00:00:00Z,2014
10074,dev_peru_074,Developer 74,"Cusco, Peru",Software developer from Peru.,Company 14,https://dev74.io,,416,351,34,2017-09-01T00:00:00Z,2027-06-25T00:00:00Z,2017
10075,dev_peru_075,Developer 75,"Cusco, Peru",Software developer from Peru.,Company 15,https://dev75.io,,1854,464,7,2013-01-13T00:00:00Z,2029-02-11T00:00:00Z,2013
10076,dev_peru_076,Developer 76,"Trujillo, Peru",Software developer from Peru.,Company 16,https://dev76.io,,1698,141,6,2012-01-15T00:00:00Z,2025-09-28T00:00:00Z,2012
10077,dev_peru_077,Developer 77,"Arequipa, Peru",Software developer from Peru.,Company 17,https://dev77.io,,1304,134,21,2020-04-24T00:00:00Z,2026-12-15T00:00:00Z,2020
10078,dev_peru_078,Developer 78,"Trujillo, Peru",Software developer from Peru.,Company 18,https://dev78.io,,1148,4,15,2012-11-04T00:00:00Z,2032-08-06T00:00:00Z,2012
10079,dev_peru_079,Developer 79,"Arequipa, Peru",Software developer from Peru.,Company 19,https://dev79.io,,1117,18,48,2018-07-13T00:00:00Z,2028-03-13T00:00:00Z,2018
10080,dev_peru_080,Developer 80,"Arequipa, Peru",Software developer from Peru.,Company 0,https://dev80.io,,880,65,6,2015-06-16T00:00:00Z,2026-02-02T00:00:00Z,2015
10081,dev_peru_081,Developer 81,"Lima, Peru",Software developer from Peru.,Company 1,https://dev81.io,,1840,183,27,2019-08-25T00:00:00Z,2024-10-19T00:00:00Z,2019
10082,dev_peru_082,Developer 82,"Lima, Peru",Software developer from Peru.,Company 2,https://dev82.io,,724,399,72,2021-11-30T00:00:00Z,2031-10-23T00:00:00Z,2021
10083,dev_peru_083,Developer 83,"Trujillo, Peru",Software developer from Peru.,Company 3,https://dev83.io,,1994,317,20,2022-05-19T00:00:00Z,2032-06-05T00:00:00Z,2022
10084,dev_peru_084,Developer 84,"Arequipa, Peru",Software developer from Peru.,Company 4,https://dev84.io,,1770,83,23,2021-11-19T00:00:00Z,2026-08-16T00:00:00Z,2021
10085,dev_peru_085,Developer 85,"Lima, Peru",Software developer from Peru.,Company 5,https://dev85.io,,367,377,43,2020-10-09T00:00:00Z,2032-06-09T00:00:00Z,2020
10086,dev_peru_086,Developer 86,"Trujillo, Peru",Software developer from Peru.,Company 6,https://dev86.io,,1642,342,32,2014-12-28T00:00:00Z,2023-10-15T00:00:00Z,2014
10087,dev_peru_087,Developer 87,"Lima, Peru",Software developer from Peru.,Company 7,https://dev87.io,,783,446,5,2021-08-17T00:00:00Z,2027-04-12T00:00:00Z,2021
10088,dev_peru_088,Developer 88,"Arequipa, Peru",Software developer from Peru.,Company 8,https://dev88.io,,408,418,59,2015-12-03T00:00:00Z,2025-06-04T00:00:00Z,2015
10089,dev_peru_089,Developer 89,"Arequipa, Peru",Software developer from Peru.,Company 9,https://dev89.io,,456,12,25,2016-06-20T00:00:00Z,2025-09-06T00:00:00Z,2016
10090,dev_peru_090,Developer 90,"Cusco, Peru",Software developer from Peru.,Company 10,https://dev90.io,,1770,35,36,2015-12-09T00:00:00Z,2029-03-12T00:00:00Z,2015
10091,dev_peru_091,Developer 91,"Trujillo, Peru",Software developer from Peru.,Company 11,https://dev91.io,,1391,431,69,2015-09-18T00:00:00Z,2032-07-14T00:00:00Z,2015
10092,dev_peru_092,Developer 92,"Lima, Peru",Software developer from Peru.,Company 12,https://dev92.io,,236,449,34,2014-01-01T00:00:00Z,2028-07-06T00:00:00Z,2014
10093,dev_peru_093,Developer 93,"Cusco, Peru",Software developer from Peru.,Company 13,https://dev93.io,,78,55,77,2016-11-14T00:00:00Z,2025-11-16T00:00:00Z,2016
10094,dev_peru_094,Developer 94,"Cusco, Peru",Software developer from Peru.,Company 14,https://dev94.io,,893,310,66,2013-04-18T00:00:00Z,2026-04-27T00:00:00Z,2013
10095,dev_peru_095,Developer 95,"Arequipa, Peru",Software developer from Peru.,Company 15,https://dev95.io,,521,22,56,2012-01-07T00:00:00Z,2027-10-31T00:00:00Z,2012
10096,dev_peru_096,Developer 96,"Arequipa, Peru",Software developer from Peru.,Company 16,https://dev96.io,,745,220,9,2022-08-22T00:00:00Z,2029-06-13T00:00:00Z,2022
10097,dev_peru_097,Developer 97,"Cusco, Peru",Software developer from Peru.,Company 17,https://dev97.io,,1276,160,16,2020-01-27T00:00:00Z,2032-02-04T00:00:00Z,2020
10098,dev_peru_098,Developer 98,"Cusco, Peru",Software developer from Peru.,Company 18,https://dev98.io,,1038,158,53,2015-08-29T00:00:00Z,2026-07-07T00:00:00Z,2015
10099,dev_peru_099,Developer 99,"Cusco, Peru",Software developer from Peru.,Company 19,https://dev99.io,,1135,65,25,2016-09-18T00:00:00Z,2029-06-16T00:00:00Z,2016
10100,dev_peru_100,Developer 100,"Trujillo, Peru",Software developer from Peru.,Company 0,https://dev100.io,,1387,383,23,2018-11-26T00:00:00Z,2028-05-20T00:00:00Z,2018
10101,dev_peru_101,Developer 101,"Cusco, Peru",Software developer from Peru.,Company 1,https://dev101.io,,831,280,1,2015-05-29T00:00:00Z,2025-03-21T00:00:00Z,2015
10102,dev_peru_102,Developer 102,"Arequipa, Peru",Software developer from Peru.,Company 2,https://dev102.io,,880,402,75,2018-10-20T00:00:00Z,2029-05-05T00:00:00Z,2018
10103,dev_peru_103,Developer 103,"Cusco, Peru",Software developer from Peru.,Company 3,https://dev103.io,,952,226,57,2019-07-30T00:00:00Z,2024-05-25T00:00:00Z,2019
10104,dev_peru_104,Developer 104,"Trujillo, Peru",Software developer from Peru.,Company 4,https://dev104.io,,1625,461,22,2019-05-22T00:00:00Z,2022-12-14T00:00:00Z,2019
10105,dev_peru_105,Developer 105,"Cusco, Peru",Software developer from Peru.,Company 5,https://dev105.io,,1055,339,80,2015-10-04T00:00:00Z,2023-01-18T00:00:00Z,2015
10106,dev_peru_106,Developer 106,"Arequipa, Peru",Software developer from Peru.,Company 6,https://dev106.io,,1377,158,29,2021-01-16T00:00:00Z,2024-03-26T00:00:00Z,2021
10107,dev_peru_107,Developer 107,"Arequipa, Peru",Software developer from Peru.,Company 7,https://dev107.io,,50,23,32,2017-04-30T00:00:00Z,2028-11-08T00:00:00Z,2017
10108,dev_peru_108,Developer 108,"Lima, Peru",Software developer from Peru.,Company 8,https://dev108.io,,932,212,74,2014-03-07T00:00:00Z,2030-01-21T00:00:00Z,2014
10109,dev_peru_109,Developer 109,"Trujillo, Peru",Software developer from Peru.,Company 9,https://dev109.io,,1012,204,32,2013-08-27T00:00:00Z,2029-05-11T00:00:00Z,2013
10110,dev_peru_110,Developer 110,"Lima, Peru",Software developer from Peru.,Company 10,https://dev110.io,,1828,384,14,2020-09-23T00:00:00Z,2026-10-08T00:00:00Z,2020
10111,dev_peru_111,Developer 111,"Arequipa, Peru",Software developer from Peru.,Company 11,https://dev111.io,,360,411,67,2017-03-17T00:00:00Z,2022-07-25T00:00:00Z,2017
10112,dev_peru_112,Developer 112,"Arequipa, Peru",Software developer from Peru.,Company 12,https://dev112.io,,1878,434,16,2017-02-12T00:00:00Z,2023-07-01T00:00:00Z,2017
10113,dev_peru_113,Developer 113,"Trujillo, Peru",Software developer from Peru.,Company 13,https://dev113.io,,1367,271,72,2018-09-04T00:00:00Z,2025-07-23T00:00:00Z,2018
10114,dev_peru_114,Developer 114,"Trujillo, Peru",Software developer from Peru.,Company 14,https://dev114.io,,1254,417,65,2016-10-13T00:00:00Z,2031-04-26T00:00:00Z,2016
10115,dev_peru_115,Developer 115,"Trujillo, Peru",Software developer from Peru.,Company 15,https://dev115.io,,1837,81,61,2017-01-17T00:00:00Z,2024-11-27T00:00:00Z,2017
10116,dev_peru_116,Developer 116,"Arequipa, Peru",Software developer from Peru.,Company 16,https://dev116.io,,1720,326,36,2020-08-02T00:00:00Z,2030-09-21T00:00:00Z,2020
10117,dev_peru_117,Developer 117,"Trujillo, Peru",Software developer from Peru.,Company 17,https://dev117.io,,1283,122,36,2016-12-06T00:00:00Z,2022-11-14T00:00:00Z,2016
10118,dev_peru_118,Developer 118,"Cusco, Peru",Software developer from Peru.,Company 18,https://dev118.io,,480,139,43,2015-08-02T00:00:00Z,2032-01-06T00:00:00Z,2015
10119,dev_peru_119,Developer 119,"Lima, Peru",Software developer from Peru.,Company 19,https://dev119.io,,283,77,30,2016-04-17T00:00:00Z,2029-10-13T00:00:00Z,2016
10120,dev_peru_120,Developer 120,"Arequipa, Peru",Software developer from Peru.,Company 0,https://dev120.io,,1446,109,9,2016-08-26T00:00:00Z,2026-07-28T00:00:00Z,2016
10121,dev_peru_121,Developer 121,"Cusco, Peru",Software developer from Peru.,Company 1,https://dev121.io,,1111,238,54,2012-09-12T00:00:00Z,2024-04-27T00:00:00Z,2012
10122,dev_peru_122,Developer 122,"Trujillo, Peru",Software developer from Peru.,Company 2,https://dev122.io,,797,463,75,2022-08-11T00:00:00Z,2029-10-19T00:00:00Z,2022
10123,dev_peru_123,Developer 123,"Lima, Peru",Software developer from Peru.,Company 3,https://dev123.io,,1754,450,74,2016-04-07T00:00:00Z,2027-05-08T00:00:00Z,2016
10124,dev_peru_124,Developer 124,"Lima, Peru",Software developer from Peru.,Company 4,https://dev124.io,,1930,180,39,2020-06-13T00:00:00Z,2026-05-17T00:00:00Z,2020
10125,dev_peru_125,Developer 125,"Trujillo, Peru",Software developer from Peru.,Company 5,https://dev125.io,,1102,382,70,2020-12-20T00:00:00Z,2028-10-06T00:00:00Z,2020
10126,dev_peru_126,Developer 126,"Arequipa, Peru",Software developer from Peru.,Company 6,https://dev126.io,,999,112,35,2016-11-20T00:00:00Z,2027-06-13T00:00:00Z,2016
10127,dev_peru_127,Developer 127,"Lima, Peru",Software developer from Peru.,Company 7,https://dev127.io,,796,172,52,2020-02-14T00:00:00Z,2023-11-08T00:00:00Z,2020
10128,dev_peru_128,Developer 128,"Trujillo, Peru",Software developer from Peru.,Company 8,https://dev128.io,,1883,65,80,2017-12-27T00:00:00Z,2022-04-21T00:00:00Z,2017
10129,dev_peru_129,Developer 129,"Trujillo, Peru",Software developer from Peru.,Company 9,https://dev129.io,,1212,288,4,2012-12-09T00:00:00Z,2029-03-17T00:00:00Z,2012
10130,dev_peru_130,Developer 130,"Trujillo, Peru",Software developer from Peru.,Company 10,https://dev130.io,,277,443,60,2014-01-14T00:00:00Z,2022-07-25T00:00:00Z,2014
10131,dev_peru_131,Developer 131,"Cusco, Peru",Software developer from Peru.,Company 11,https://dev131.io,,776,167,28,2017-02-05T00:00:00Z,2025-08-31T00:00:00Z,2017
10132,dev_peru_132,Developer 132,"Cusco, Peru",Software developer from Peru.,Company 12,https://dev132.io,,1558,450,49,2015-02-13T00:00:00Z,2030-06-08T00:00:00Z,2015
10133,dev_peru_133,Developer 133,"Trujillo, Peru",Software developer from Peru.,Company 13,https://dev133.io,,516,427,11,2017-04-10T00:00:00Z,2022-03-21T00:00:00Z,2017
10134,dev_peru_134,Developer 134,"Lima, Peru",Software developer from Peru.,Company 14,https://dev134.io,,1949,179,29,2019-04-16T00:00:00Z,2022-10-09T00:00:00Z,2019
10135,dev_peru_135,Developer 135,"Lima, Peru",Software developer from Peru.,Company 15,https://dev135.io,,1544,15,32,2014-03-27T00:00:00Z,2031-05-31T00:00:00Z,2014
10136,dev_peru_136,Developer 136,"Lima, Peru",Software developer from Peru.,Company 16,https://dev136.io,,1272,78,31,2013-06-01T00:00:00Z,2027-04-24T00:00:00Z,2013
10137,dev_peru_137,Developer 137,"Lima, Peru",Software developer from Peru.,Company 17,https://dev137.io,,1155,485,28,2017-03-19T00:00:00Z,2029-11-05T00:00:00Z,2017
10138,dev_peru_138,Developer 138,"Cusco, Peru",Software developer from Peru.,Company 18,https://dev138.io,,1570,188,22,2018-10-17T00:00:00Z,2028-10-23T00:00:00Z,2018
10139,dev_peru_139,Developer 139,"Lima, Peru",Software developer from Peru.,Company 19,https://dev139.io,,1592,419,21,2022-10-26T00:00:00Z,2025-06-28T00:00:00Z,2022
10140,dev_peru_140,Developer 140,"Lima, Peru",Software developer from Peru.,Company 0,https://dev140.io,,1185,13,40,2018-06-16T00:00:00Z,2029-08-06T00:00:00Z,2018
10141,dev_peru_141,Developer 141,"Trujillo, Peru",Software developer from Peru.,Company 1,https://dev141.io,,812,482,26,2012-11-07T00:00:00Z,2028-08-22T00:00:00Z,2012
10142,dev_peru_142,Developer 142,"Arequipa, Peru",Software developer from Peru.,Company 2,https://dev142.io,,208,356,39,2021-07-14T00:00:00Z,2029-09-03T00:00:00Z,2021
10143,dev_peru_143,Developer 143,"Lima, Peru",Software developer from Peru.,Company 3,https://dev143.io,,1630,289,6,2015-11-23T00:00:00Z,2027-12-23T00:00:00Z,2015
10144,dev_peru_144,Developer 144,"Trujillo, Peru",Software developer from Peru.,Company 4,https://dev144.io,,1354,189,9,2017-09-03T00:00:00Z,2029-04-06T00:00:00Z,2017
10145,dev_peru_145,Developer 145,"Cusco, Peru",Software developer from Peru.,Company 5,https://dev145.io,,25,434,54,2021-03-22T00:00:00Z,2027-07-01T00:00:00Z,2021
10146,dev_peru_146,Developer 146,"Lima, Peru",Software developer from Peru.,Company 6,https://dev146.io,,887,491,47,2019-02-16T00:00:00Z,2031-12-31T00:00:00Z,2019
10147,dev_peru_147,Developer 147,"Trujillo, Peru",Software developer from Peru.,Company 7,https://dev147.io,,1448,78,56,2013-12-22T00:00:00Z,2030-03-25T00:00:00Z,2013
10148,dev_peru_148,Developer 148,"Cusco, Peru",Software developer from Peru.,Company 8,https://dev148.io,,1261,413,69,2020-09-07T00:00:00Z,2027-06-04T00:00:00Z,2020
10149,dev_peru_149,Developer 149,"Trujillo, Peru",Software developer from Peru.,Company 9,https://dev149.io,,892,422,76,2015-01-04T00:00:00Z,2025-08-13T00:00:00Z,2015
10150,dev_peru_150,Developer 150,"Arequipa, Peru",Software developer from Peru.,Company 10,https://dev150.io,,1701,478,12,2015-02-16T00:00:00Z,2031-11-21T00:00:00Z,2015
10151,dev_peru_151,Developer 151,"Trujillo, Peru",Software developer from Peru.,Company 11,https://dev151.io,,499,384,60,2018-05-23T00:00:00Z,2028-11-04T00:00:00Z,2018
10152,dev_peru_152,Developer 152,"Trujillo, Peru",Software developer from Peru.,Company 12,https://dev152.io,,688,14,64,2021-07-17T00:00:00Z,2025-08-24T00:00:00Z,2021
10153,dev_peru_153,Developer 153,"Arequipa, Peru",Software developer from Peru.,Company 13,https://dev153.io,,998,108,46,2020-12-11T00:00:00Z,2024-11-24T00:00:00Z,2020
10154,dev_peru_154,Developer 154,"Cusco, Peru",Software developer from Peru.,Company 14,https://dev154.io,,572,450,77,2019-11-12T00:00:00Z,2031-11-14T00:00:00Z,2019
10155,dev_peru_155,Developer 155,"Cusco, Peru",Software developer from Peru.,Company 15,https://dev155.io,,1138,5,67,2022-08-19T00:00:00Z,2024-02-22T00:00:00Z,2022
10156,dev_peru_156,Developer 156,"Lima, Peru",Software developer from Peru.,Company 16,https://dev156.io,,494,368,53,2017-06-24T00:00:00Z,2028-03-24T00:00:00Z,2017
10157,dev_peru_157,Developer 157,"Arequipa, Peru",Software developer from Peru.,Company 17,https://dev157.io,,1414,243,63,2017-01-09T00:00:00Z,2030-11-22T00:00:00Z,2017
10158,dev_peru_158,Developer 158,"Lima, Peru",Software developer from Peru.,Company 18,https://dev158.io,,190,150,29,2016-07-14T00:00:00Z,2029-10-04T00:00:00Z,2016
10159,dev_peru_159,Developer 159,"Arequipa, Peru",Software developer from Peru.,Company 19,https://dev159.io,,627,339,75,2016-02-20T00:00:00Z,2027-04-23T00:00:00Z,2016
10160,dev_peru_160,Developer 160,"Cusco, Peru",Software developer from Peru.,Company 0,https://dev160.io,,871,381,71,2015-09-16T00:00:00Z,2025-12-12T00:00:00Z,2015
10161,dev_peru_161,Developer 161,"Trujillo, Peru",Software developer from Peru.,Company 1,https://dev161.io,,554,156,33,2014-08-02T00:00:00Z,2023-05-10T00:00:00Z,2014
10162,dev_peru_162,Developer 162,"Arequipa, Peru",Software developer from Peru.,Company 2,https://dev162.io,,646,61,69,2022-08-30T00:00:00Z,2030-07-19T00:00:00Z,2022
10163,dev_peru_163,Developer 163,"Arequipa, Peru",Software developer from Peru.,Company 3,https://dev163.io,,392,110,62,2015-02-06T00:00:00Z,2030-02-15T00:00:00Z,2015
10164,dev_peru_164,Developer 164,"Cusco, Peru",Software developer from Peru.,Company 4,https://dev164.io,,205,426,25,2015-04-28T00:00:00Z,2024-07-20T00:00:00Z,2015
10165,dev_peru_165,Developer 165,"Cusco, Peru",Software developer from Peru.,Company 5,https://dev165.io,,367,154,2,2019-12-10T00:00:00Z,2027-12-28T00:00:00Z,2019
10166,dev_peru_166,Developer 166,"Arequipa, Peru",Software developer from Peru.,Company 6,https://dev166.io,,561,23,7,2018-03-16T00:00:00Z,2025-04-11T00:00:00Z,2018
10167,dev_peru_167,Developer 167,"Arequipa, Peru",Software developer from Peru.,Company 7,https://dev167.io,,1306,444,63,2013-02-24T00:00:00Z,2031-10-15T00:00:00Z,2013
10168,dev_peru_168,Developer 168,"Lima, Peru",Software developer from Peru.,Company 8,https://dev168.io,,1175,145,61,2017-05-14T00:00:00Z,2026-12-10T00:00:00Z,2017
10169,dev_peru_169,Developer 169,"Cusco, Peru",Software developer from Peru.,Company 9,https://dev169.io,,377,494,7,2014-10-31T00:00:00Z,2032-07-21T00:00:00Z,2014
10170,dev_peru_170,Developer 170,"Trujillo, Peru",Software developer from Peru.,Company 10,https://dev170.io,,233,420,9,2016-06-29T00:00:00Z,2027-07-08T00:00:00Z,2016
10171,dev_peru_171,Developer 171,"Lima, Peru",Software developer from Peru.,Company 11,https://dev171.io,,1181,322,7,2013-09-13T00:00:00Z,2023-09-04T00:00:00Z,2013
10172,dev_peru_172,Developer 172,"Cusco, Peru",Software developer from Peru.,Company 12,https://dev172.io,,174,127,16,2018-04-04T00:00:00Z,2030-07-29T00:00:00Z,2018
10173,dev_peru_173,Developer 173,"Trujillo, Peru",Software developer from Peru.,Company 13,https://dev173.io,,1241,305,80,2014-07-13T00:00:00Z,2030-09-13T00:00:00Z,2014
10174,dev_peru_174,Developer 174,"Trujillo, Peru",Software developer from Peru.,Company 14,https://dev174.io,,922,465,57,2015-05-02T00:00:00Z,2031-08-25T00:00:00Z,2015
10175,dev_peru_175,Developer 175,"Trujillo, Peru",Software developer from Peru.,Company 15,https://dev175.io,,625,291,80,2012-09-03T00:00:00Z,2028-11-02T00:00:00Z,2012
10176,dev_peru_176,Developer 176,"Lima, Peru",Software developer from Peru.,Company 16,https://dev176.io,,1940,390,27,2019-01-06T00:00:00Z,2024-05-14T00:00:00Z,2019
10177,dev_peru_177,Developer 177,"Cusco, Peru",Software developer from Peru.,Company 17,https://dev177.io,,1352,41,21,2014-09-09T00:00:00Z,2023-12-13T00:00:00Z,2014
10178,dev_peru_178,Developer 178,"Lima, Peru",Software developer from Peru.,Company 18,https://dev178.io,,320,1,53,2017-01-19T00:00:00Z,2029-09-24T00:00:00Z,2017
10179,dev_peru_179,Developer 179,"Trujillo, Peru",Software developer from Peru.,Company 19,https://dev179.io,,596,16,30,2015-03-26T00:00:00Z,2029-12-05T00:00:00Z,2015
10180,dev_peru_180,Developer 180,"Cusco, Peru",Software developer from Peru.,Company 0,https://dev180.io,,1439,440,59,2012-10-18T00:00:00Z,2029-09-16T00:00:00Z,2012
10181,dev_peru_181,Developer 181,"Arequipa, Peru",Software developer from Peru.,Company 1,https://dev181.io,,1892,135,76,2019-06-01T00:00:00Z,2031-01-06T00:00:00Z,2019
10182,dev_peru_182,Developer 182,"Arequipa, Peru",Software developer from Peru.,Company 2,https://dev182.io,,870,58,70,2014-07-09T00:00:00Z,2029-04-06T00:00:00Z,2014
10183,dev_peru_183,Developer 183,"Arequipa, Peru",Software developer from Peru.,Company 3,https://dev183.io,,1860,136,19,2012-10-19T00:00:00Z,2022-09-02T00:00:00Z,2012
10184,dev_peru_184,Developer 184,"Arequipa, Peru",Software developer from Peru.,Company 4,https://dev184.io,,1623,157,77,2020-05-25T00:00:00Z,2031-03-31T00:00:00Z,2020
10185,dev_peru_185,Developer 185,"Cusco, Peru",Software developer from Peru.,Company 5,https://dev185.io,,899,63,60,2019-09-21T00:00:00Z,2025-05-30T00:00:00Z,2019
10186,dev_peru_186,Developer 186,"Trujillo, Peru",Software developer from Peru.,Company 6,https://dev186.io,,1930,139,65,2018-01-20T00:00:00Z,2027-07-16T00:00:00Z,2018
10187,dev_peru_187,Developer 187,"Trujillo, Peru",Software developer from Peru.,Company 7,https://dev187.io,,164,306,6,2021-12-22T00:00:00Z,2026-11-05T00:00:00Z,2021
10188,dev_peru_188,Developer 188,"Cusco, Peru",Software developer from Peru.,Company 8,https://dev188.io,,1236,128,4,2013-01-09T00:00:00Z,2024-07-26T00:00:00Z,2013
10189,dev_peru_189,Developer 189,"Lima, Peru",Software developer from Peru.,Company 9,https://dev189.io,,1566,344,35,2018-06-18T00:00:00Z,2022-06-14T00:00:00Z,2018
10190,dev_peru_190,Developer 190,"Arequipa, Peru",Software developer from Peru.,Company 10,https://dev190.io,,963,265,57,2022-04-10T00:00:00Z,2025-02-13T00:00:00Z,2022
10191,dev_peru_191,Developer 191,"Arequipa, Peru",Software developer from Peru.,Company 11,https://dev191.io,,1198,223,63,2022-11-13T00:00:00Z,2023-01-09T00:00:00Z,2022
10192,dev_peru_192,Developer 192,"Trujillo, Peru",Software developer from Peru.,Company 12,https://dev192.io,,712,209,43,2015-08-08T00:00:00Z,2029-07-07T00:00:00Z,2015
10193,dev_peru_193,Developer 193,"Lima, Peru",Software developer from Peru.,Company 13,https://dev193.io,,1756,82,43,2016-08-13T00:00:00Z,2029-10-12T00:00:00Z,2016
10194,dev_peru_194,Developer 194,"Trujillo, Peru",Software developer from Peru.,Company 14,https://dev194.io,,590,339,52,2021-02-14T00:00:00Z,2030-07-13T00:00:00Z,2021
10195,dev_peru_195,Developer 195,"Lima, Peru",Software developer from Peru.,Company 15,https://dev195.io,,931,45,41,2014-10-30T00:00:00Z,2025-08-17T00:00:00Z,2014
10196,dev_peru_196,Developer 196,"Lima, Peru",Software developer from Peru.,Company 16,https://dev196.io,,1986,395,52,2021-09-12T00:00:00Z,2027-10-09T00:00:00Z,2021
10197,dev_peru_197,Developer 197,"Lima, Peru",Software developer from Peru.,Company 17,https://dev197.io,,1346,445,70,2017-03-07T00:00:00Z,2026-08-20T00:00:00Z,2017
10198,dev_peru_198,Developer 198,"Lima, Peru",Software developer from Peru.,Company 18,https://dev198.io,,384,265,47,2018-12-25T00:00:00Z,2030-06-26T00:00:00Z,2018
10199,dev_peru_199,Developer 199,"Trujillo, Peru",Software developer from Peru.,Company 19,https://dev199.io,,1280,226,7,2014-04-13T00:00:00Z,2024-12-29T00:00:00Z,2014
